volt_V1,volt_V2,volt_V3,current_A1,current_A2,current_A3,power_kW,power_factor,motor_temp_C
0.10615123,0.1148059,0.1215208,0.09671829,0.12455952,0.11352822,0.09574098,0.0894336,0.13754143
0.11396949,0.12379502,0.12525296,0.082993835,0.12837873,0.1077592,0.108276464,0.11849096,0.09108334
0.11694232,0.13892363,0.120436296,0.07957411,0.12791787,0.11185365,0.09259245,0.116129376,0.09563032
0.11922178,0.1479595,0.115264505,0.08471412,0.12401251,0.108483694,0.10056982,0.10060266,0.09917143
0.10928897,0.14449118,0.12057402,0.07844248,0.118498035,0.11984462,0.101393975,0.102146044,0.10532068
0.1034815,0.16004322,0.115942016,0.06681795,0.13060434,0.12743944,0.09544735,0.09763256,0.10259157
0.11422091,0.13244252,0.12700307,0.06995491,0.1395534,0.12616195,0.09539248,0.09590682,0.09936391
0.11783679,0.13321517,0.120944,0.074975476,0.13348925,0.12444923,0.09066356,0.10542548,0.099001005
0.1176005,0.15070593,0.1163335,0.083312,0.13075551,0.11735018,0.080323845,0.10699202,0.09662659
0.10705792,0.13600607,0.11458249,0.075346656,0.12598072,0.109560214,0.10943356,0.10517243,0.11685987
0.09139139,0.1342914,0.105570085,0.10283306,0.13016738,0.11185438,0.09329824,0.112717405,0.117876664
0.105512634,0.13887037,0.11353175,0.08607419,0.1273251,0.11135831,0.09793899,0.101376735,0.11801195
0.0999401,0.117074884,0.1146211,0.09977562,0.1357127,0.11126427,0.09562136,0.11097019,0.1150198
0.103079304,0.11536468,0.11545845,0.10321632,0.1401831,0.109385684,0.0942662,0.10856622,0.110480055
0.095539235,0.124047615,0.123297326,0.1019681,0.13161275,0.11487998,0.09368617,0.10099685,0.113972016
0.10254591,0.11006682,0.12576196,0.10449852,0.11544453,0.10828718,0.09694778,0.10486986,0.13157742
0.09487796,0.11265607,0.13715518,0.10641153,0.10712827,0.105498776,0.09947996,0.11011991,0.12667225
0.10264097,0.11528738,0.11375015,0.109833814,0.1111941,0.1154433,0.10092447,0.10378559,0.12714025
0.10402596,0.12776907,0.11675088,0.11156242,0.10393066,0.1295981,0.099388406,0.08875963,0.11821492
0.10679795,0.13266146,0.106451996,0.11627584,0.12832032,0.113466375,0.10033161,0.08621189,0.109482564
0.11188541,0.12772697,0.11082948,0.11227071,0.14106381,0.104249,0.09653506,0.08608447,0.10935508
0.10948623,0.12777133,0.11408281,0.112485744,0.14313313,0.104379185,0.10237784,0.0774689,0.10881483
0.11872514,0.12139496,0.12027427,0.1064375,0.13626625,0.10317736,0.11494261,0.07285681,0.10592513
0.12978804,0.113717236,0.12461344,0.105177455,0.1473633,0.10029751,0.10526479,0.06895394,0.10482437
0.12279881,0.11329301,0.10556795,0.108808756,0.14065689,0.0994087,0.13130604,0.08138707,0.09677282
0.114121765,0.10245996,0.1140665,0.11705915,0.13735938,0.11811902,0.11065574,0.08572973,0.10042874
0.12024938,0.105247684,0.121098086,0.1175892,0.13734165,0.08833321,0.113247454,0.0907905,0.106102884
0.111502804,0.10865605,0.1195082,0.109291255,0.12592813,0.09109279,0.13139817,0.0907438,0.111878864
0.118124835,0.10721697,0.116791174,0.1121087,0.114003904,0.09623479,0.13807015,0.09985222,0.09759721
0.1273907,0.09611279,0.117572755,0.11201511,0.110365786,0.09661996,0.13696839,0.09908278,0.10387171
0.12689929,0.0918403,0.11649864,0.10782447,0.107275315,0.10647409,0.14645791,0.09759849,0.099131614
0.115340434,0.09255773,0.12663734,0.11575078,0.10045142,0.09933682,0.13729528,0.110282004,0.10234818
0.11148296,0.0980297,0.12711127,0.092346564,0.104984656,0.1024455,0.13136218,0.106218755,0.12601839
0.12588955,0.10347368,0.13189188,0.08981509,0.09366773,0.09467001,0.12962505,0.102047995,0.12891904
0.11938415,0.094125986,0.13530515,0.07668332,0.11269398,0.10649895,0.11959999,0.09912186,0.1365866
0.13063832,0.10352309,0.118139766,0.09801299,0.12158795,0.10621569,0.12237271,0.0985368,0.10097271
0.13279256,0.09729757,0.12316394,0.07611063,0.123554185,0.10645887,0.11395313,0.116582684,0.11008646
0.12445246,0.09684366,0.12645127,0.09149904,0.13666905,0.10104543,0.1090777,0.10005126,0.11391012
0.12955602,0.09159768,0.13328296,0.07572452,0.12063677,0.11220183,0.104491696,0.10581902,0.12668951
0.12637278,0.10351236,0.13123561,0.07787367,0.12388531,0.10387745,0.09909234,0.1082155,0.12593502
0.13369456,0.104056254,0.12632029,0.082139134,0.11502985,0.09775588,0.10679675,0.10360971,0.1305975
0.13487896,0.11272731,0.12190797,0.089523956,0.11701583,0.09516109,0.09694647,0.10036908,0.13146922
0.1364771,0.11366894,0.10383054,0.1013306,0.11761084,0.10348572,0.10346815,0.09577213,0.12435592
0.11692379,0.10210269,0.12046327,0.109460115,0.11049105,0.10318299,0.095701344,0.11896792,0.1227069
0.11283923,0.101385936,0.11063251,0.121167794,0.10825664,0.107153356,0.09533346,0.1157147,0.12751642
0.11890841,0.104355924,0.116256006,0.12428673,0.11071838,0.110600665,0.08759918,0.10098047,0.12629426
0.11843482,0.0956349,0.111054935,0.1357883,0.12211491,0.10867805,0.079892784,0.10891172,0.11948949
0.12554237,0.10753814,0.11244062,0.14079499,0.11267438,0.101795994,0.0796773,0.093166165,0.12637009
0.12125935,0.11684922,0.10692109,0.13452497,0.10526251,0.10904711,0.088282965,0.09462049,0.12323237
0.12004203,0.11215474,0.101696655,0.13692899,0.10867286,0.11913042,0.09100004,0.09735058,0.113023646
0.12586094,0.11338065,0.11637092,0.13604622,0.112613745,0.12124009,0.08191578,0.08448902,0.10808262
0.123896606,0.13270238,0.11976495,0.12760732,0.10448307,0.120833434,0.082265176,0.08675429,0.10169282
0.13354757,0.13020214,0.117973365,0.11281949,0.09043464,0.12159075,0.113312975,0.087403625,0.09271547
0.12978686,0.12982151,0.13157871,0.13101435,0.1032996,0.11630892,0.09647938,0.083319604,0.07839099
0.13089563,0.13275522,0.13144042,0.11312901,0.10306672,0.11695894,0.098216906,0.09231337,0.08122383
0.11494257,0.12936789,0.13478692,0.11467186,0.11042169,0.111015975,0.09926108,0.08613018,0.09940186
0.11506107,0.1328592,0.13091041,0.09778218,0.10527038,0.11072804,0.09875057,0.11592168,0.092716426
0.11411247,0.13249421,0.1330046,0.10687544,0.108763665,0.11014359,0.10407551,0.107799016,0.08273146
0.11872535,0.11248318,0.13483612,0.12658292,0.113078944,0.10481187,0.097589456,0.09918725,0.092704944
0.10262894,0.13834314,0.13876836,0.11433155,0.09655281,0.09296911,0.10332763,0.10139475,0.111683734
0.09225946,0.12471769,0.14716524,0.10861707,0.10719736,0.1055752,0.112228364,0.102797024,0.09944266
0.09389064,0.097804226,0.15568961,0.100026555,0.12597908,0.103265435,0.10572195,0.10899886,0.1086236
0.09196445,0.103261076,0.14462565,0.10431168,0.13027224,0.09427157,0.105770946,0.11021872,0.115303606
0.097424656,0.09317077,0.13630694,0.0943509,0.1333073,0.0935218,0.111239284,0.119575255,0.12110318
0.10480404,0.11903997,0.12046466,0.092078514,0.14564012,0.09282467,0.10024623,0.108574346,0.116327435
0.1132012,0.12616657,0.12501559,0.09381616,0.13967368,0.08912257,0.09034268,0.10913255,0.11352897
0.115820505,0.12176114,0.12424055,0.09224394,0.12987863,0.09716743,0.08572965,0.123585425,0.10957275
0.1210036,0.122150846,0.12971377,0.085655004,0.1345582,0.09560266,0.08964065,0.114074655,0.10760067
0.112461396,0.13586305,0.123236045,0.08202337,0.12929806,0.09625184,0.092665605,0.1181028,0.11009785
0.12755728,0.10703896,0.12805493,0.07897855,0.15181878,0.10610522,0.087530255,0.10560566,0.107310444
0.12841904,0.12621161,0.102531955,0.07789329,0.12588766,0.12458617,0.0897617,0.12557554,0.09913311
0.14626436,0.1179075,0.08672065,0.093409576,0.122452326,0.117220774,0.09035304,0.12181701,0.10385478
0.14554565,0.12106056,0.09384062,0.08789146,0.1292471,0.1214639,0.09182322,0.10465768,0.10446981
0.14555871,0.12740038,0.09740885,0.07886925,0.12812632,0.12399815,0.09161078,0.09789263,0.109134845
0.1321602,0.100817025,0.0932257,0.11429839,0.11686027,0.12758815,0.093815625,0.12782972,0.09340491
0.16805187,0.08820881,0.09026399,0.09286535,0.11529913,0.12675905,0.099349245,0.11617484,0.10302776
0.15827863,0.102499686,0.09168762,0.09675503,0.11424481,0.1153063,0.100369826,0.11940302,0.10145505
0.17363735,0.095107496,0.086072184,0.107062176,0.11130656,0.11868219,0.09112559,0.109503984,0.10750241
0.18059699,0.10356213,0.090542525,0.09734526,0.11125398,0.12731479,0.096695304,0.100548476,0.09214054
0.16702724,0.101308286,0.09507618,0.09852203,0.10620626,0.110975,0.10292984,0.11542387,0.102531314
0.17833182,0.10357854,0.104785874,0.10254669,0.10986467,0.10762387,0.090042055,0.10941859,0.09380793
0.17019452,0.10203255,0.10178619,0.10630587,0.112426296,0.105478875,0.094800696,0.106580555,0.100394495
0.15790161,0.106254935,0.09052079,0.120444275,0.12118568,0.11085533,0.09221061,0.11018406,0.09044268
0.16445948,0.10626218,0.09359796,0.12631986,0.11513761,0.10398889,0.08714405,0.10947462,0.093615346
0.16651261,0.113228045,0.099043295,0.1321454,0.1042278,0.106551215,0.085721925,0.08785447,0.10471526
0.14755462,0.11170652,0.114432134,0.13671798,0.10128784,0.108532265,0.086236306,0.09870953,0.09482279
0.14748013,0.11641929,0.10389114,0.1383347,0.106604226,0.102137364,0.08868259,0.098602444,0.09784806
0.13174832,0.10655012,0.10142026,0.13756642,0.1048838,0.10196717,0.08889623,0.112852335,0.114115365
0.12698051,0.10779653,0.10050126,0.15913245,0.09699147,0.101931475,0.086008176,0.109456204,0.11120197
0.13545378,0.1122477,0.10219898,0.13239628,0.102082655,0.09901929,0.09285878,0.11169674,0.112045825
0.109332114,0.1178316,0.09015417,0.14574645,0.10148268,0.09094986,0.09559604,0.13031155,0.118595436
0.11479104,0.117710195,0.098424554,0.13225003,0.099097274,0.098079264,0.088621125,0.13261712,0.11840939
0.11871259,0.104624785,0.10247979,0.1235974,0.0932135,0.09726583,0.09541023,0.13688181,0.12781404
0.14064029,0.11111532,0.096842304,0.12804855,0.09880266,0.0989143,0.085741535,0.12710762,0.11278734
0.15208761,0.10115949,0.09905933,0.11398651,0.10562904,0.09877262,0.088065356,0.12838674,0.112853386
0.16378753,0.088819265,0.10039109,0.10493997,0.10511866,0.1061592,0.09249715,0.124465555,0.11382156
0.15635641,0.096351355,0.10639954,0.11882742,0.10558144,0.0975744,0.08269599,0.12528913,0.11092427
0.17531227,0.08221021,0.10616927,0.116995975,0.110245496,0.09272017,0.09214243,0.11433546,0.10986867
0.16099755,0.09197227,0.119019225,0.10281576,0.12133579,0.09591694,0.100712396,0.10841967,0.098810434
0.15138164,0.08370923,0.12504666,0.10927011,0.114857085,0.09935357,0.11481219,0.09931753,0.10225206
0.15976213,0.08288898,0.11822935,0.11565284,0.13152015,0.08476048,0.09895564,0.09847245,0.10975799
0.15856512,0.07511731,0.10938906,0.116757445,0.12850052,0.09889293,0.09615018,0.1073101,0.10931731
0.15730575,0.07428168,0.11978576,0.11569322,0.11721952,0.09816931,0.10347971,0.10991267,0.10415227
0.14226934,0.07435768,0.113959976,0.12782854,0.12267467,0.1006542,0.103159286,0.11025947,0.10483696
0.14009851,0.07567327,0.102353826,0.118374646,0.11499597,0.10808063,0.112276815,0.121013395,0.10713282
0.123270035,0.082567185,0.10336058,0.14053482,0.11160341,0.111381136,0.104382016,0.11794045,0.104960345
0.13550109,0.09747635,0.105995774,0.118953876,0.114440985,0.10762181,0.112009905,0.10235234,0.10564788
0.12728475,0.108068205,0.097184755,0.13270605,0.12306195,0.12115179,0.09532066,0.10075212,0.09446976
0.13164066,0.10813086,0.12930332,0.12867455,0.107438184,0.110964224,0.07895635,0.10669014,0.09820167
0.14487381,0.121050216,0.11640934,0.13237321,0.09967796,0.11408043,0.08112582,0.098291196,0.092118084
0.13717076,0.10767793,0.10874698,0.13393228,0.10686236,0.1255418,0.0823466,0.09943543,0.0982858
0.12447533,0.12225257,0.11987376,0.11751442,0.09854568,0.12055016,0.092574835,0.09160282,0.112610415
0.13084835,0.11993529,0.12573496,0.10738833,0.103700146,0.10336198,0.0995608,0.10347522,0.10599488
0.12849346,0.13092107,0.1200426,0.12449645,0.09778319,0.10663709,0.097822696,0.093065836,0.100737624
0.122642204,0.13633001,0.12433948,0.111181006,0.10536032,0.11409405,0.097409375,0.08865344,0.09999018
0.13117541,0.13996352,0.11840054,0.09671895,0.11431718,0.11690343,0.09113828,0.08949396,0.10188864
0.10812968,0.14162949,0.10889599,0.09591985,0.11671436,0.11016942,0.09199063,0.10441708,0.122133516
0.11073218,0.1331263,0.10769329,0.0951124,0.10635657,0.106954314,0.100812174,0.11589953,0.1233132
0.10267186,0.12739697,0.1049288,0.09871523,0.10812752,0.09989945,0.11910593,0.114218876,0.12493538
0.0980009,0.118794255,0.11046728,0.08789859,0.12069899,0.106600575,0.11537996,0.115260884,0.1268986
0.09192196,0.12562495,0.107670605,0.092035376,0.10400859,0.118415244,0.11897435,0.123589635,0.117759295
0.114722624,0.12124085,0.09584865,0.10242523,0.10845279,0.10742449,0.11814795,0.121104464,0.11063301
0.11316486,0.11979808,0.0899399,0.10045547,0.1199334,0.10734017,0.123079814,0.11729366,0.108994715
0.10348482,0.110092565,0.09687052,0.09595134,0.13689382,0.09985317,0.11086849,0.11845132,0.12753399
0.12791854,0.106795214,0.09083076,0.09822004,0.12416566,0.10167524,0.10766034,0.12354396,0.119190186
0.12297024,0.09624134,0.09588464,0.09372752,0.11927378,0.10702849,0.118746616,0.1256442,0.120483145
0.12746786,0.08758389,0.10127165,0.10774975,0.122795016,0.10314285,0.109886594,0.11612242,0.12397994
0.13609949,0.10384319,0.09898475,0.1008988,0.11608639,0.10549863,0.11314095,0.119477995,0.10596984
0.13381806,0.11017396,0.1013712,0.09964714,0.123427644,0.11517947,0.10318928,0.117633045,0.095560156
0.14633815,0.11281782,0.096957736,0.11184256,0.112486154,0.10909009,0.104019865,0.11456783,0.09187986
0.14809892,0.10735246,0.114869684,0.10837141,0.12773378,0.0990135,0.08636501,0.10836286,0.099832356
0.14649177,0.11498672,0.10461589,0.09554663,0.136469,0.10374125,0.09475779,0.10457849,0.09881247
0.14711367,0.10931494,0.11824235,0.103681445,0.11752852,0.09781412,0.08571708,0.096402116,0.12418575
0.16437408,0.111161694,0.10916458,0.096967645,0.12878256,0.09393693,0.08455763,0.09566992,0.11538512
0.1261309,0.12250176,0.118513584,0.12590624,0.13726023,0.094166085,0.089016765,0.088628024,0.09787644
0.11969769,0.13236275,0.11393562,0.11634141,0.1345287,0.10731908,0.08118925,0.096275344,0.09835016
0.11143841,0.126204,0.11875621,0.11951089,0.1307068,0.09715616,0.08851751,0.11691602,0.09079396
0.10984411,0.1138032,0.120392434,0.123991445,0.13886395,0.100343265,0.08440373,0.117328316,0.0910295
0.10776406,0.12336836,0.12899671,0.12732066,0.13702762,0.091722965,0.08153502,0.11343614,0.08882845
0.11392931,0.12844108,0.12760428,0.11558986,0.13477418,0.085807756,0.07808896,0.11698245,0.09878208
0.114194304,0.13232177,0.11713188,0.11634853,0.13804719,0.08835632,0.07818,0.113797165,0.10162281
0.117139265,0.11448021,0.114506006,0.11221599,0.12206153,0.094193466,0.10256205,0.12238354,0.10045796
0.10904456,0.11368986,0.10977992,0.12342016,0.120448776,0.09842472,0.08401022,0.13944916,0.10173268
0.097646795,0.11625094,0.11024316,0.12443483,0.10412973,0.10407805,0.08604842,0.1430789,0.11408922
0.091365516,0.11842697,0.10785518,0.12200886,0.10502397,0.12013037,0.08810933,0.12935023,0.1177296
0.08651641,0.11606535,0.11223415,0.12490672,0.10227011,0.11666852,0.10846727,0.1206289,0.11224262
0.09042234,0.14277282,0.09864923,0.11123807,0.09573477,0.1113479,0.11160654,0.11414489,0.124083415
0.09489398,0.12169614,0.09715524,0.110702336,0.11107966,0.112263486,0.124610834,0.10941306,0.11818523
0.095293954,0.1154299,0.09594319,0.11060694,0.10629781,0.1127418,0.13709967,0.105410635,0.121176116
0.10185345,0.11074186,0.088482566,0.121063806,0.101621784,0.11242487,0.13581729,0.10784751,0.12014689
0.112837896,0.118354626,0.095570475,0.113920555,0.0949083,0.108898,0.13636269,0.10506632,0.11408107
0.10347347,0.112431064,0.10117127,0.117350385,0.1034808,0.11580309,0.13395335,0.10722204,0.10511459
0.10372987,0.11772712,0.116191044,0.108451724,0.08837712,0.11197426,0.13470757,0.103703536,0.115137726
0.114319205,0.1127027,0.11160917,0.10145612,0.10790361,0.11389178,0.13702393,0.10654153,0.0945519
0.12138434,0.11896565,0.111597,0.09918772,0.11062064,0.099426016,0.15367873,0.1007555,0.08438432
0.13032152,0.093487486,0.1188499,0.10600947,0.13496189,0.092977345,0.12768044,0.103123076,0.09258886
0.13076167,0.083961226,0.11085652,0.11837733,0.13154896,0.099036455,0.13684817,0.10047546,0.08813427
0.12581187,0.08631395,0.11145195,0.11514537,0.111042395,0.12745623,0.120854646,0.09698665,0.104936935
0.14538163,0.08386949,0.10836133,0.11909417,0.12400252,0.118674375,0.10880899,0.08720091,0.10460658
0.12773822,0.08934284,0.10614701,0.11573635,0.13459197,0.12314595,0.10269551,0.08212182,0.11848026
0.13181734,0.07971027,0.11275477,0.11562158,0.13163708,0.12146512,0.1009493,0.09761663,0.10842791
0.13533673,0.08722935,0.09548122,0.11268526,0.1264871,0.12554592,0.10031382,0.09889096,0.1180296
0.1442694,0.09270716,0.090880275,0.10742611,0.12650098,0.11764035,0.0944202,0.09375917,0.13239634
0.13626418,0.091626495,0.087807834,0.12424517,0.1246328,0.12863198,0.09269264,0.08811595,0.1259829
0.15283443,0.0915901,0.082368806,0.110226266,0.108074486,0.124116875,0.09157045,0.10814744,0.13107118
0.1415579,0.08924133,0.09274837,0.113488704,0.10246889,0.12465437,0.0952165,0.1061944,0.13442947
0.13198519,0.1050962,0.09851518,0.10584381,0.103271075,0.11916115,0.08940086,0.11753543,0.12919118
0.14783959,0.09471078,0.09969754,0.11286537,0.10557494,0.11274883,0.08755234,0.1304613,0.10854934
0.12951565,0.118836954,0.10074611,0.105872504,0.1026132,0.110276386,0.096650966,0.12796372,0.10752447
0.12414754,0.101914756,0.10700757,0.10903174,0.10093253,0.115160026,0.09805609,0.13143441,0.112315364
0.12700927,0.09368195,0.10560703,0.10460195,0.10300995,0.11389008,0.10567931,0.118483074,0.12803738
0.12728553,0.08842518,0.108818926,0.112112366,0.10545356,0.11133401,0.118866235,0.11452046,0.113183774
0.112797484,0.08975387,0.1019761,0.121721156,0.107269146,0.116332516,0.112149015,0.10568959,0.13231112
0.1076292,0.09727042,0.10941655,0.11448071,0.09291339,0.12613884,0.12942265,0.11511952,0.1076087
0.11195561,0.08107729,0.10905172,0.11657519,0.09854807,0.13989128,0.13148351,0.09558837,0.11582893
0.12486791,0.089347,0.103911005,0.11238413,0.09760272,0.12249297,0.124883905,0.108468615,0.11604174
0.11563185,0.10364377,0.09958638,0.11658798,0.097322494,0.11610462,0.1250467,0.098908186,0.12716807
0.111720234,0.10081813,0.110595904,0.117991604,0.09613534,0.115870655,0.12272956,0.09637153,0.1277671
0.11266674,0.09780912,0.1085537,0.111153774,0.09539054,0.12602946,0.124725506,0.101551265,0.122119844
0.11913161,0.097623415,0.109339766,0.11270137,0.08964274,0.11733473,0.1254539,0.09988526,0.12888722
0.113283165,0.09773693,0.10842753,0.12263135,0.08961149,0.12525381,0.10921252,0.108075865,0.12576745
0.10765297,0.101334624,0.109384105,0.11791092,0.09403969,0.12547138,0.10709427,0.10932018,0.12779182
0.115368456,0.10770804,0.10549863,0.10910675,0.090933844,0.13615428,0.10660391,0.109589934,0.119036116
0.115221165,0.10932344,0.09401747,0.12320748,0.09785554,0.13398305,0.09514156,0.10761979,0.12363052
0.121657,0.11226983,0.09543894,0.108101934,0.10417629,0.1250647,0.09500214,0.11518487,0.12310433
0.12009457,0.11683031,0.09482905,0.109143175,0.10560427,0.11748386,0.082663506,0.116778195,0.13657309
0.1218519,0.10022579,0.09368752,0.11401521,0.10875208,0.13293268,0.09125497,0.111930154,0.12534967
0.117460385,0.104996726,0.09072466,0.12294597,0.10646582,0.14707194,0.08507603,0.10050051,0.124757975
0.11956953,0.10052561,0.09023058,0.11723307,0.1008746,0.12649183,0.10629714,0.1141092,0.124668494
0.12653627,0.1055984,0.08082106,0.12648779,0.10012171,0.12122692,0.098549694,0.11292347,0.12773469
0.12792026,0.11025783,0.09759397,0.12366247,0.10992549,0.11346643,0.096463725,0.10650406,0.11420567
0.13634662,0.106896356,0.07525449,0.12275667,0.10947995,0.13347507,0.09595825,0.10377721,0.11605535
0.15287702,0.10545389,0.0819345,0.10818165,0.103864916,0.12364657,0.102482826,0.108489335,0.113069296
0.14467737,0.11112561,0.08247182,0.10188849,0.099863976,0.13018548,0.11162941,0.0979212,0.12023669
0.14641416,0.10274419,0.08330173,0.10168555,0.096639656,0.1429265,0.11640795,0.095725946,0.11415436
0.15562724,0.09783453,0.08245533,0.1079457,0.08770278,0.1355544,0.10884513,0.09049667,0.13353826
0.14539717,0.10176579,0.08842199,0.091932766,0.10362794,0.1422705,0.11788626,0.08923143,0.11946611
0.1634084,0.09366188,0.10423463,0.087097704,0.1148917,0.14225687,0.10326916,0.08376766,0.107411906
0.16320984,0.1062216,0.08753601,0.09435516,0.1129842,0.15310378,0.088753805,0.07709075,0.11674488
0.16790368,0.090696864,0.07737908,0.08686685,0.11721502,0.14168036,0.105082065,0.08493124,0.12824488
0.15726106,0.13447084,0.08268693,0.09714156,0.11306699,0.12968631,0.09872173,0.069759175,0.117205426
0.15431623,0.09437697,0.083943725,0.1031949,0.122392304,0.13601042,0.10410263,0.075244114,0.12641874
0.15973885,0.09794055,0.08291908,0.08752883,0.12739123,0.14466019,0.09746449,0.07731824,0.12503843
0.15501298,0.09147701,0.0837204,0.091984704,0.14162771,0.13078082,0.098965555,0.090862356,0.11556842
0.1427607,0.104341716,0.09336639,0.09500441,0.1466283,0.11389119,0.09115282,0.09163091,0.12122351
0.14592072,0.08996712,0.085031666,0.10363151,0.15206477,0.109344326,0.105797976,0.098168015,0.110073894
0.14180885,0.101420306,0.09004009,0.10803295,0.14408694,0.10464186,0.1026505,0.0972774,0.11004098
0.13078491,0.09842102,0.08814089,0.11453722,0.1426189,0.11015864,0.10013613,0.10303998,0.11216228
0.12082313,0.09149653,0.09750116,0.104499765,0.15199561,0.104587436,0.09988547,0.1193736,0.10983734
0.12001019,0.09340975,0.10037141,0.113075085,0.15531847,0.1040541,0.10429955,0.10711197,0.102349445
0.123410664,0.104833804,0.095777415,0.11241298,0.16203289,0.09576565,0.09649431,0.10924435,0.100027926
0.11506671,0.11398377,0.11537969,0.11996936,0.14171194,0.09920939,0.09803068,0.1034537,0.09319476
0.10885967,0.100335084,0.108089566,0.14933339,0.14580525,0.09592072,0.10015538,0.099289276,0.09221168
0.11055144,0.10006914,0.10757905,0.15752853,0.12864086,0.092706144,0.09544446,0.0994143,0.10806613
0.11612192,0.114244014,0.104828134,0.14275572,0.15062675,0.094092146,0.08820703,0.10775171,0.081372604
0.10750812,0.11727776,0.10658681,0.13248335,0.13757679,0.10766484,0.090301864,0.119588174,0.08101235
0.12930106,0.11114388,0.09839228,0.1372238,0.15482919,0.08948827,0.08519557,0.10216738,0.09225858
0.10833892,0.11148918,0.1035519,0.14119098,0.15534188,0.092519134,0.09156433,0.105719365,0.09028433
0.11260234,0.12430542,0.11020382,0.13896213,0.14957394,0.08697251,0.0941336,0.096087776,0.087158434
0.10571968,0.107032545,0.11560882,0.13190535,0.15118407,0.08895496,0.08878575,0.10079992,0.11000886
0.106761366,0.111179315,0.11548529,0.13140619,0.15771638,0.09034742,0.08446131,0.09503273,0.107609995
0.10967721,0.111252435,0.09918827,0.11524176,0.15493461,0.08991214,0.09076722,0.10982334,0.119203
0.10114522,0.112543285,0.10881344,0.107273124,0.15674676,0.091294065,0.103383355,0.10393778,0.114862986
0.11656894,0.09996994,0.11208188,0.10288213,0.15360263,0.095165916,0.09782144,0.102972,0.118935116
0.096491426,0.09872145,0.12732178,0.10702009,0.13952878,0.107556716,0.094304115,0.10425886,0.124796785
0.11581393,0.096609525,0.13466878,0.11313824,0.12965451,0.106293224,0.091501676,0.09464315,0.11767688
0.11142974,0.0951075,0.13465042,0.103612505,0.12989673,0.10293079,0.09746695,0.10992351,0.11498185
0.12011,0.108710125,0.12166771,0.097033545,0.13658698,0.105848834,0.09392193,0.10006202,0.11605881
0.13236995,0.09336826,0.11961692,0.08978234,0.12826659,0.11073476,0.09797285,0.113713175,0.11417518
0.14715393,0.08765549,0.1200035,0.09471973,0.12705095,0.11010063,0.09605963,0.11257918,0.10467699
0.14168449,0.088127084,0.11855688,0.10314637,0.119974315,0.11695064,0.10252864,0.11226648,0.09676505
0.1455023,0.09128098,0.11826078,0.09840345,0.11879592,0.115238175,0.09666252,0.11052448,0.105331376
0.13888267,0.090854935,0.124544494,0.09049282,0.121212944,0.11405108,0.09054317,0.12214092,0.10727689
0.14085113,0.091294244,0.12569764,0.08750928,0.12088496,0.11178423,0.09936223,0.12054983,0.10206638
0.14506134,0.0910158,0.10843512,0.097202495,0.11796525,0.119589165,0.10244327,0.11049659,0.10779095
0.15184876,0.090818785,0.11498256,0.0918905,0.10850792,0.11854888,0.11063082,0.10739622,0.105375566
0.13774584,0.1046799,0.1115967,0.10388162,0.11179954,0.10785537,0.10340548,0.10638038,0.112655215
0.121942244,0.09854524,0.109697,0.13274284,0.11546544,0.10456254,0.104250684,0.10103004,0.11176397
0.10906801,0.10182277,0.12270206,0.11761548,0.15249726,0.11020452,0.09787992,0.08654294,0.10166706
0.11232048,0.10381885,0.105827786,0.12800813,0.12078227,0.11231012,0.10620652,0.091665134,0.11906079
0.10746981,0.10992157,0.10436071,0.12193714,0.11381974,0.11045223,0.11066737,0.09385844,0.12751307
0.120445475,0.11475755,0.10681512,0.11602452,0.11249123,0.10810288,0.103728816,0.08569118,0.13194329
0.110209145,0.11710478,0.09132802,0.121289425,0.121006876,0.10432603,0.11682778,0.08279211,0.13511582
0.11964642,0.124764696,0.09198535,0.11931044,0.12162945,0.091221385,0.11176039,0.08322112,0.13646074
0.10616961,0.11646653,0.094141364,0.12137769,0.1260311,0.10002864,0.09954014,0.1180672,0.11817774
0.113289766,0.12849216,0.07878216,0.12929918,0.12493942,0.10148361,0.107196644,0.08589727,0.13061984
0.10797057,0.1331001,0.10405251,0.11699471,0.12845655,0.095979646,0.111143194,0.08425505,0.118047744
0.124240994,0.13718683,0.09214834,0.098247215,0.11618356,0.104985006,0.10645252,0.09319735,0.12735823
0.10722732,0.13735326,0.09601329,0.09258675,0.11968762,0.10741365,0.10685017,0.09459571,0.13827226
0.10486797,0.17700575,0.09134279,0.095952235,0.115625106,0.09673095,0.10457042,0.085332654,0.12857217
0.1041063,0.15961218,0.09640685,0.09627152,0.1093144,0.11293524,0.10091845,0.085613444,0.13482156
0.10739315,0.13247432,0.09883785,0.10664871,0.10518952,0.12763785,0.10582713,0.08369918,0.13229227
0.10742972,0.13886967,0.10418883,0.099854134,0.106908865,0.104660675,0.09852364,0.09021889,0.1493456
0.100338094,0.1481443,0.092631064,0.10683518,0.1147155,0.10103201,0.09004294,0.095896475,0.1503645
0.0953703,0.13761155,0.09515055,0.09700289,0.1151586,0.1141437,0.0965953,0.09927535,0.14969184
0.102118775,0.14555147,0.098348714,0.09403501,0.11796394,0.11243837,0.089827545,0.09775264,0.14196351
0.11369469,0.12950206,0.08557778,0.09082872,0.12039188,0.12817366,0.08115682,0.10102283,0.14965151
0.111023545,0.12314805,0.09024598,0.08858321,0.11527989,0.124554284,0.07561085,0.10043716,0.17111701
0.11046631,0.12891133,0.101118155,0.09278538,0.118906766,0.11680119,0.067843534,0.106631756,0.15653569
0.11559125,0.12792248,0.09171587,0.0931151,0.120948195,0.12452903,0.071041204,0.10842237,0.14671452
0.11286635,0.10289075,0.092143506,0.10087954,0.1325276,0.12413387,0.07900601,0.11189809,0.1436543
0.11528952,0.11355743,0.08756872,0.09294114,0.14004226,0.12118412,0.077865005,0.11027343,0.14127833
0.11805537,0.104958706,0.08688265,0.0906102,0.14868502,0.12437089,0.090545684,0.11333063,0.122560844
0.11250398,0.10243394,0.085334264,0.10750497,0.1389633,0.12532292,0.09621178,0.10822833,0.123496465
0.11885691,0.104535066,0.09274245,0.09874323,0.13906507,0.12588155,0.09409384,0.10279304,0.12328883
0.1210116,0.101073556,0.09826292,0.097711354,0.1321404,0.11602015,0.09803923,0.10513306,0.13060775
0.13155216,0.10171425,0.10691549,0.10177721,0.13427885,0.115064405,0.09026306,0.09405396,0.12438054
0.115639515,0.11758229,0.11194553,0.10191589,0.12896238,0.117275916,0.11098018,0.09304529,0.10265302
0.12855855,0.099566974,0.10809373,0.10558497,0.14531112,0.12021174,0.11484954,0.08153967,0.096283786
0.12361284,0.10627735,0.11053179,0.095185064,0.1459568,0.1118375,0.12118916,0.079377286,0.10603227
0.12256205,0.10264345,0.11841289,0.08350653,0.13904102,0.113602705,0.11840209,0.09339586,0.10843343
0.12112622,0.09147146,0.12985228,0.091440156,0.13538785,0.12298523,0.10604025,0.08700847,0.11468801
0.115952276,0.11715535,0.12586379,0.112312004,0.117229454,0.10335991,0.098988645,0.0898146,0.11932396
0.11322965,0.10516539,0.13602903,0.10738836,0.126479,0.10523364,0.11215765,0.089093596,0.10522361
0.12652028,0.099870406,0.121939145,0.096341,0.13268697,0.11189737,0.102836505,0.09453856,0.11336981
0.11967909,0.09808725,0.12868066,0.0966306,0.12094357,0.11109306,0.11256518,0.09650229,0.11581828
0.104447804,0.09621259,0.13797064,0.09354254,0.13446929,0.10630492,0.10490345,0.09432044,0.12782823
0.1226607,0.09510736,0.11721625,0.09490213,0.12521394,0.10951175,0.09084076,0.11496999,0.12957709
0.11917207,0.10109756,0.11936165,0.091429934,0.10424577,0.10852124,0.092855275,0.121134914,0.14218152
0.116028406,0.09840068,0.1274299,0.10388977,0.109875165,0.10869829,0.08655469,0.12179191,0.12733121
0.12125472,0.09843707,0.11023236,0.10342089,0.10509551,0.103604294,0.11746031,0.1166409,0.123853944
0.12881441,0.10134871,0.11466639,0.08974614,0.11121928,0.10527668,0.11240735,0.110555865,0.12596518
0.11166783,0.111686155,0.12492889,0.08030586,0.095552,0.114807464,0.11629129,0.12375993,0.121000685
0.1283274,0.10979454,0.1165339,0.08207464,0.09921014,0.12061947,0.10174605,0.12682717,0.1148667
0.11985532,0.10450395,0.11760353,0.085126676,0.095635965,0.11431993,0.120643534,0.12535238,0.11695878
0.12836072,0.10201643,0.11718552,0.08348496,0.097817615,0.11856012,0.11443061,0.12850016,0.109643795
0.13381809,0.11274875,0.11406927,0.09209852,0.102742635,0.11700142,0.10509833,0.12640598,0.09601699
0.12535614,0.11642797,0.11476494,0.09375995,0.096188545,0.11502417,0.11652526,0.11896222,0.102990806
0.11023409,0.12383005,0.10383254,0.09440751,0.103799924,0.12080747,0.1278349,0.118238874,0.09701468
0.113987155,0.12758702,0.09816015,0.09558327,0.09732994,0.116845846,0.13816018,0.11770504,0.09464139
0.11028786,0.124072015,0.09885064,0.102104634,0.11037826,0.13270497,0.09835583,0.13021907,0.09302676
0.11256621,0.12903649,0.10142337,0.100778766,0.12138497,0.124833114,0.10280109,0.107636526,0.0995395
0.13079286,0.1068616,0.09860171,0.123243645,0.12686564,0.12944202,0.10685334,0.07882898,0.09851026
0.11863257,0.10743995,0.102184705,0.12287528,0.1313026,0.1372561,0.106183924,0.08511053,0.08901438
0.11847633,0.10357045,0.09662144,0.11306828,0.14792451,0.14833677,0.10109491,0.080080494,0.09082684
0.10528717,0.091228396,0.09846425,0.12627101,0.14366435,0.1580304,0.10288934,0.08041009,0.093754925
0.09781503,0.098658316,0.107000686,0.12479834,0.1320655,0.15238753,0.09762703,0.09303955,0.09660799
0.10142193,0.09989228,0.10948635,0.12177265,0.123159654,0.14929205,0.109139,0.08269677,0.10313937
0.106213324,0.09593923,0.11110388,0.11489846,0.13492642,0.14904071,0.10202682,0.0784678,0.107383355
